<ImportExportXml version="9.2.23024.210" SolutionPackageVersion="9.2" languagecode="1033" generatedBy="CrmLive" xmlns:xsi="http://www.w3.org/2001/XMLSchema-instance">
  <SolutionManifest>
    <UniqueName>InvoicedataextractionSolution</UniqueName>
    <LocalizedNames>
      <LocalizedName description="Invoice data extraction Solution " languagecode="1033" />
    </LocalizedNames>
    <Descriptions />
    <Version>1.0.0.4</Version>
    <Managed>0</Managed>
    <Publisher>
      <UniqueName>Cr3b0ff</UniqueName>
      <LocalizedNames>
        <LocalizedName description="CDS Default Publisher" languagecode="1033" />
      </LocalizedNames>
      <Descriptions />
      <EMailAddress xsi:nil="true"></EMailAddress>
      <SupportingWebsiteUrl xsi:nil="true"></SupportingWebsiteUrl>
      <CustomizationPrefix>cr86e</CustomizationPrefix>
      <CustomizationOptionValuePrefix>14727</CustomizationOptionValuePrefix>
      <Addresses>
        <Address>
          <AddressNumber>1</AddressNumber>
          <AddressTypeCode xsi:nil="true"></AddressTypeCode>
          <City xsi:nil="true"></City>
          <County xsi:nil="true"></County>
          <Country xsi:nil="true"></Country>
          <Fax xsi:nil="true"></Fax>
          <FreightTermsCode xsi:nil="true"></FreightTermsCode>
          <ImportSequenceNumber xsi:nil="true"></ImportSequenceNumber>
          <Latitude xsi:nil="true"></Latitude>
          <Line1 xsi:nil="true"></Line1>
          <Line2 xsi:nil="true"></Line2>
          <Line3 xsi:nil="true"></Line3>
          <Longitude xsi:nil="true"></Longitude>
          <Name xsi:nil="true"></Name>
          <PostalCode xsi:nil="true"></PostalCode>
          <PostOfficeBox xsi:nil="true"></PostOfficeBox>
          <PrimaryContactName xsi:nil="true"></PrimaryContactName>
          <ShippingMethodCode xsi:nil="true"></ShippingMethodCode>
          <StateOrProvince xsi:nil="true"></StateOrProvince>
          <Telephone1 xsi:nil="true"></Telephone1>
          <Telephone2 xsi:nil="true"></Telephone2>
          <Telephone3 xsi:nil="true"></Telephone3>
          <TimeZoneRuleVersionNumber xsi:nil="true"></TimeZoneRuleVersionNumber>
          <UPSZone xsi:nil="true"></UPSZone>
          <UTCOffset xsi:nil="true"></UTCOffset>
          <UTCConversionTimeZoneCode xsi:nil="true"></UTCConversionTimeZoneCode>
        </Address>
        <Address>
          <AddressNumber>2</AddressNumber>
          <AddressTypeCode xsi:nil="true"></AddressTypeCode>
          <City xsi:nil="true"></City>
          <County xsi:nil="true"></County>
          <Country xsi:nil="true"></Country>
          <Fax xsi:nil="true"></Fax>
          <FreightTermsCode xsi:nil="true"></FreightTermsCode>
          <ImportSequenceNumber xsi:nil="true"></ImportSequenceNumber>
          <Latitude xsi:nil="true"></Latitude>
          <Line1 xsi:nil="true"></Line1>
          <Line2 xsi:nil="true"></Line2>
          <Line3 xsi:nil="true"></Line3>
          <Longitude xsi:nil="true"></Longitude>
          <Name xsi:nil="true"></Name>
          <PostalCode xsi:nil="true"></PostalCode>
          <PostOfficeBox xsi:nil="true"></PostOfficeBox>
          <PrimaryContactName xsi:nil="true"></PrimaryContactName>
          <ShippingMethodCode xsi:nil="true"></ShippingMethodCode>
          <StateOrProvince xsi:nil="true"></StateOrProvince>
          <Telephone1 xsi:nil="true"></Telephone1>
          <Telephone2 xsi:nil="true"></Telephone2>
          <Telephone3 xsi:nil="true"></Telephone3>
          <TimeZoneRuleVersionNumber xsi:nil="true"></TimeZoneRuleVersionNumber>
          <UPSZone xsi:nil="true"></UPSZone>
          <UTCOffset xsi:nil="true"></UTCOffset>
          <UTCConversionTimeZoneCode xsi:nil="true"></UTCConversionTimeZoneCode>
        </Address>
      </Addresses>
    </Publisher>
    <RootComponents>
      <RootComponent type="29" id="{421d324e-cfda-ed11-a7c7-000d3a1b9670}" behavior="0" />
      <RootComponent type="29" id="{cf91120f-27da-ed11-a7c7-000d3a1b9670}" behavior="0" />
      <RootComponent type="29" id="{df69bb0f-4dda-ed11-a7c7-000d3a1b9670}" behavior="0" />
      <RootComponent type="29" id="{e4e03381-4dda-ed11-a7c7-000d3a1b9670}" behavior="0" />
      <RootComponent type="29" id="{eaf7a4ed-2dda-ed11-a7c7-000d3a1b9670}" behavior="0" />
      <RootComponent type="401" id="{98ea608f-7a21-4c92-9825-d1c48323c174}" behavior="0" />
    </RootComponents>
    <MissingDependencies>
      <MissingDependency>
        <Required type="connectionreference" displayName="cr86e_sharedsharepointonline_6f029" solution="Active" id.connectionreferencelogicalname="cr86e_sharedsharepointonline_6f029" />
        <Dependent type="29" displayName="Save Proof of Invoice approval" id="{421d324e-cfda-ed11-a7c7-000d3a1b9670}" />
      </MissingDependency>
      <MissingDependency>
        <Required type="connectionreference" displayName="cr86e_sharedsharepointonline_6f029" solution="Active" id.connectionreferencelogicalname="cr86e_sharedsharepointonline_6f029" />
        <Dependent type="29" displayName="Retrieve PDF Attachment from Email" id="{cf91120f-27da-ed11-a7c7-000d3a1b9670}" />
      </MissingDependency>
      <MissingDependency>
        <Required type="connectionreference" displayName="cr86e_sharedsharepointonline_6f029" solution="Active" id.connectionreferencelogicalname="cr86e_sharedsharepointonline_6f029" />
        <Dependent type="29" displayName="Move Excel Data to Sharepoint List" id="{df69bb0f-4dda-ed11-a7c7-000d3a1b9670}" />
      </MissingDependency>
      <MissingDependency>
        <Required type="connectionreference" displayName="cr86e_sharedsharepointonline_6f029" solution="Active" id.connectionreferencelogicalname="cr86e_sharedsharepointonline_6f029" />
        <Dependent type="29" displayName="Extract PDF Invoice to Excel and SharePoint List" id="{e4e03381-4dda-ed11-a7c7-000d3a1b9670}" />
      </MissingDependency>
      <MissingDependency>
        <Required type="connectionreference" displayName="cr86e_sharedsharepointonline_6f029" solution="Active" id.connectionreferencelogicalname="cr86e_sharedsharepointonline_6f029" />
        <Dependent type="29" displayName="Extract PDF Invoice To Excel" id="{eaf7a4ed-2dda-ed11-a7c7-000d3a1b9670}" />
      </MissingDependency>
      <MissingDependency>
        <Required type="connectionreference" displayName="new_sharedexcelonlinebusiness_9ad01" solution="Active" id.connectionreferencelogicalname="new_sharedexcelonlinebusiness_9ad01" />
        <Dependent type="29" displayName="Move Excel Data to Sharepoint List" id="{df69bb0f-4dda-ed11-a7c7-000d3a1b9670}" />
      </MissingDependency>
    </MissingDependencies>
  </SolutionManifest>
</ImportExportXml>