{
  "properties": {
    "connectionReferences": {
      "shared_commondataserviceforapps": {
        "runtimeSource": "embedded",
        "connection": {
          "connectionReferenceLogicalName": "cr86e_sharedcommondataserviceforapps_f35bb"
        },
        "api": {
          "name": "shared_commondataserviceforapps"
        }
      },
      "shared_excelonlinebusiness": {
        "runtimeSource": "embedded",
        "connection": {
          "connectionReferenceLogicalName": "cr86e_sharedexcelonlinebusiness_1be2b"
        },
        "api": {
          "name": "shared_excelonlinebusiness"
        }
      },
      "shared_sharepointonline": {
        "runtimeSource": "embedded",
        "connection": {
          "connectionReferenceLogicalName": "cr86e_sharedsharepointonline_6f029"
        },
        "api": {
          "name": "shared_sharepointonline"
        }
      }
    },
    "definition": {
      "$schema": "https://schema.management.azure.com/providers/Microsoft.Logic/schemas/2016-06-01/workflowdefinition.json#",
      "contentVersion": "1.0.0.0",
      "parameters": {
        "$connections": {
          "defaultValue": {},
          "type": "Object"
        },
        "$authentication": {
          "defaultValue": {},
          "type": "SecureObject"
        }
      },
      "triggers": {
        "When_a_file_is_created_in_a_folder_(deprecated)": {
          "recurrence": {
            "interval": 1,
            "frequency": "Minute"
          },
          "metadata": {
            "%252fShared%2bDocuments%252fInvoice%2bDocuments": "/Shared Documents/Invoice Documents",
            "operationMetadataId": "d24add6f-77cd-41e0-8583-2f3868a3ec00"
          },
          "type": "OpenApiConnection",
          "inputs": {
            "host": {
              "connectionName": "shared_sharepointonline",
              "operationId": "OnNewFile",
              "apiId": "/providers/Microsoft.PowerApps/apis/shared_sharepointonline"
            },
            "parameters": {
              "dataset": "https://powerbiconsultingservices.sharepoint.com/sites/InvoiceProcessingDemoSite",
              "folderId": "%252fShared%2bDocuments%252fInvoice%2bDocuments",
              "inferContentType": true
            },
            "authentication": "@parameters('$authentication')"
          }
        }
      },
      "actions": {
        "Extract_information_from_documents": {
          "runAfter": {
            "Get_file_metadata": [
              "Succeeded"
            ]
          },
          "metadata": {
            "operationMetadataId": "136a383f-5e3e-4440-be04-4640d8bd020c",
            "flowSystemMetadata": {
              "portalOperationId": "aibuilderpredict_formsprocessing",
              "portalOperationGroup": "aibuilder",
              "portalOperationApiDisplayNameOverride": "AI Builder",
              "portalOperationIconOverride": "https://content.powerapps.com/resource/makerx/static/pauto/images/designeroperations/aiBuilderNew.51dbdb6b.png",
              "portalOperationBrandColorOverride": "#0A76C4",
              "portalOperationApiTierOverride": "Standard"
            }
          },
          "type": "OpenApiConnection",
          "inputs": {
            "host": {
              "connectionName": "shared_commondataserviceforapps",
              "operationId": "aibuilderpredict_formsprocessing",
              "apiId": "/providers/Microsoft.PowerApps/apis/shared_commondataserviceforapps"
            },
            "parameters": {
              "recordId": "98ea608f-7a21-4c92-9825-d1c48323c174",
              "item/requestv2/mimeType": "application/pdf",
              "item/requestv2/base64Encoded": "@triggerOutputs()?['body']"
            },
            "authentication": "@parameters('$authentication')"
          }
        },
        "Add_a_row_into_a_table": {
          "runAfter": {
            "Compose_-_Remove_dollar_sign_from_Total_amount": [
              "Succeeded"
            ]
          },
          "metadata": {
            "01AMDBFVYQ2UJRG3D2ABFYOYI2JTUD7RH2": "/Invoice Details/Invoice Worksheet.xlsx",
            "operationMetadataId": "c035114e-e3d1-4fb5-8c71-ac5a328db15a",
            "tableId": "{388BC84C-9A81-4A61-860B-2E16E78E74DE}"
          },
          "type": "OpenApiConnection",
          "inputs": {
            "host": {
              "connectionName": "shared_excelonlinebusiness",
              "operationId": "AddRowV2",
              "apiId": "/providers/Microsoft.PowerApps/apis/shared_excelonlinebusiness"
            },
            "parameters": {
              "source": "sites/powerbiconsultingservices.sharepoint.com,7fad5923-40b0-4955-8fb8-868599367206,92404639-a0e3-4e8a-a2f3-a3d2a9e4df08",
              "drive": "b!I1mtf7BAVUmPuIaFmTZyBjlGQJLjoIpOovOj0qnk3wiRe26LaQuIQp-afe3aEkPw",
              "file": "01AMDBFVYQ2UJRG3D2ABFYOYI2JTUD7RH2",
              "table": "{388BC84C-9A81-4A61-860B-2E16E78E74DE}",
              "item/Invoice Number": "@outputs('Extract_information_from_documents')?['body/responsev2/predictionOutput/labels/Invoice_c07c9cb94c35e3b7ad2a2db05978cfea/value']",
              "item/Bill To": "@outputs('Extract_information_from_documents')?['body/responsev2/predictionOutput/labels/Bill_0029ec7811889396dc7d77dce8d8fb3ec23/value']",
              "item/Invoice Received Date": "@outputs('Get_file_metadata')?['body/LastModified']",
              "item/Date": "@outputs('Extract_information_from_documents')?['body/responsev2/predictionOutput/labels/Date/value']",
              "item/Due Date": "@outputs('Extract_information_from_documents')?['body/responsev2/predictionOutput/labels/Due_002057870fd03032bf243c119bee6c0416a9/value']",
              "item/Contact Email Address": "@outputs('Extract_information_from_documents')?['body/responsev2/predictionOutput/labels/Contact_54520d5cb2b2b0b81a0ddae09af43a5f/value']",
              "item/Contact Address": "@outputs('Extract_information_from_documents')?['body/responsev2/predictionOutput/labels/Contact_339d77ab4e01cd21a75601963e0b4c02/value']",
              "item/Balance Due": "@outputs('Compose_-_Remove_dollar_sign_from_Balance_due')",
              "item/Total Amount": "@outputs('Compose_-_Remove_dollar_sign_from_Total_amount')",
              "item/Attachment": "@triggerOutputs()?['headers/x-ms-file-path-encoded']"
            },
            "authentication": "@parameters('$authentication')"
          }
        },
        "Compose_-_Remove_dollar_sign_from_Balance_due": {
          "runAfter": {
            "Extract_information_from_documents": [
              "Succeeded"
            ]
          },
          "metadata": {
            "operationMetadataId": "c2221d68-9dde-41d7-acad-5cb6dab42c0e"
          },
          "type": "Compose",
          "inputs": "@replace(outputs('Extract_information_from_documents')?['body/responsev2/predictionOutput/labels/Balance_3e7777100c296524b90f04b1359cf1b6/value'],'$','')"
        },
        "Compose_-_Remove_dollar_sign_from_Total_amount": {
          "runAfter": {
            "Compose_-_Remove_dollar_sign_from_Balance_due": [
              "Succeeded"
            ]
          },
          "metadata": {
            "operationMetadataId": "1db803e4-4ffc-4fae-9ad3-6cb335e7c48e"
          },
          "type": "Compose",
          "inputs": "@replace(outputs('Extract_information_from_documents')?['body/responsev2/predictionOutput/labels/Total_00809d0fb61b4acec40ff234df9712240d/value'],'$','')"
        },
        "Create_item": {
          "runAfter": {
            "Add_a_row_into_a_table": [
              "Succeeded"
            ]
          },
          "metadata": {
            "operationMetadataId": "fe92d3df-1136-4695-a696-dfbd3e736536"
          },
          "type": "OpenApiConnection",
          "inputs": {
            "host": {
              "connectionName": "shared_sharepointonline",
              "operationId": "PostItem",
              "apiId": "/providers/Microsoft.PowerApps/apis/shared_sharepointonline"
            },
            "parameters": {
              "dataset": "https://powerbiconsultingservices.sharepoint.com/sites/InvoiceProcessingDemoSite",
              "table": "4b942c9a-2e45-417d-bc25-53c6ef426713",
              "item/Title": "@outputs('Extract_information_from_documents')?['body/responsev2/predictionOutput/labels/Invoice_c07c9cb94c35e3b7ad2a2db05978cfea/value']",
              "item/InvoiceNumber": "@outputs('Extract_information_from_documents')?['body/responsev2/predictionOutput/labels/Bill_0029ec7811889396dc7d77dce8d8fb3ec23/value']",
              "item/DateReceived": "@outputs('Get_file_metadata')?['body/LastModified']",
              "item/Date": "@outputs('Extract_information_from_documents')?['body/responsev2/predictionOutput/labels/Date/value']",
              "item/DueDate": "@outputs('Extract_information_from_documents')?['body/responsev2/predictionOutput/labels/Due_002057870fd03032bf243c119bee6c0416a9/value']",
              "item/ContactEmailAddress": "@outputs('Extract_information_from_documents')?['body/responsev2/predictionOutput/labels/Contact_54520d5cb2b2b0b81a0ddae09af43a5f/value']",
              "item/ContactAddress": "@outputs('Extract_information_from_documents')?['body/responsev2/predictionOutput/labels/Contact_339d77ab4e01cd21a75601963e0b4c02/value']",
              "item/BalanceDue": "@outputs('Compose_-_Remove_dollar_sign_from_Balance_due')",
              "item/TotalAmount": "@outputs('Compose_-_Remove_dollar_sign_from_Total_amount')"
            },
            "authentication": "@parameters('$authentication')"
          }
        },
        "Add_attachment": {
          "runAfter": {
            "Create_item": [
              "Succeeded"
            ]
          },
          "metadata": {
            "operationMetadataId": "33ac9a08-4381-4018-a48e-1f945208ee9b"
          },
          "type": "OpenApiConnection",
          "inputs": {
            "host": {
              "connectionName": "shared_sharepointonline",
              "operationId": "CreateAttachment",
              "apiId": "/providers/Microsoft.PowerApps/apis/shared_sharepointonline"
            },
            "parameters": {
              "dataset": "https://powerbiconsultingservices.sharepoint.com/sites/InvoiceProcessingDemoSite",
              "table": "4b942c9a-2e45-417d-bc25-53c6ef426713",
              "itemId": "@outputs('Create_item')?['body/ID']",
              "displayName": "@triggerOutputs()?['headers/x-ms-file-name-encoded']",
              "body": "@triggerOutputs()?['body']"
            },
            "authentication": "@parameters('$authentication')"
          }
        },
        "Get_file_metadata": {
          "runAfter": {},
          "metadata": {
            "operationMetadataId": "e91e6d9e-ed4c-4806-b963-dd1cef7dfa29"
          },
          "type": "OpenApiConnection",
          "inputs": {
            "host": {
              "connectionName": "shared_sharepointonline",
              "operationId": "GetFileMetadata",
              "apiId": "/providers/Microsoft.PowerApps/apis/shared_sharepointonline"
            },
            "parameters": {
              "dataset": "https://powerbiconsultingservices.sharepoint.com/sites/InvoiceProcessingDemoSite",
              "id": "@triggerOutputs()?['headers/x-ms-file-id']"
            },
            "authentication": "@parameters('$authentication')"
          }
        }
      }
    },
    "templateName": ""
  },
  "schemaVersion": "1.0.0.0"
}