{
  "properties": {
    "connectionReferences": {
      "shared_excelonlinebusiness_1": {
        "runtimeSource": "embedded",
        "connection": {
          "connectionReferenceLogicalName": "new_sharedexcelonlinebusiness_9ad01"
        },
        "api": {
          "name": "shared_excelonlinebusiness"
        }
      },
      "shared_sharepointonline_1": {
        "runtimeSource": "embedded",
        "connection": {
          "connectionReferenceLogicalName": "cr86e_sharedsharepointonline_6f029"
        },
        "api": {
          "name": "shared_sharepointonline"
        }
      }
    },
    "definition": {
      "$schema": "https://schema.management.azure.com/providers/Microsoft.Logic/schemas/2016-06-01/workflowdefinition.json#",
      "contentVersion": "1.0.0.0",
      "parameters": {
        "$connections": {
          "defaultValue": {},
          "type": "Object"
        },
        "$authentication": {
          "defaultValue": {},
          "type": "SecureObject"
        }
      },
      "triggers": {
        "Recurrence": {
          "recurrence": {
            "frequency": "Day",
            "interval": 1
          },
          "metadata": {
            "operationMetadataId": "d910c6e4-4269-4c2b-a94d-eef18e7bd92d"
          },
          "type": "Recurrence"
        }
      },
      "actions": {
        "List_rows_present_in_a_table": {
          "runAfter": {},
          "metadata": {
            "01AMDBFVYQ2UJRG3D2ABFYOYI2JTUD7RH2": "/Invoice Details/Invoice Worksheet.xlsx",
            "operationMetadataId": "0306142f-a97c-4fc3-9c51-0fbfc9da0caf",
            "tableId": "{388BC84C-9A81-4A61-860B-2E16E78E74DE}"
          },
          "type": "OpenApiConnection",
          "inputs": {
            "host": {
              "connectionName": "shared_excelonlinebusiness_1",
              "operationId": "GetItems",
              "apiId": "/providers/Microsoft.PowerApps/apis/shared_excelonlinebusiness"
            },
            "parameters": {
              "source": "sites/powerbiconsultingservices.sharepoint.com,7fad5923-40b0-4955-8fb8-868599367206,92404639-a0e3-4e8a-a2f3-a3d2a9e4df08",
              "drive": "b!I1mtf7BAVUmPuIaFmTZyBjlGQJLjoIpOovOj0qnk3wiRe26LaQuIQp-afe3aEkPw",
              "file": "01AMDBFVYQ2UJRG3D2ABFYOYI2JTUD7RH2",
              "table": "{388BC84C-9A81-4A61-860B-2E16E78E74DE}",
              "dateTimeFormat": "ISO 8601"
            },
            "authentication": "@parameters('$authentication')"
          }
        },
        "Apply_to_each": {
          "foreach": "@outputs('List_rows_present_in_a_table')?['body/value']",
          "actions": {
            "Get_items": {
              "runAfter": {},
              "metadata": {
                "operationMetadataId": "d324a152-f259-4047-8ac0-3b6beb9a7065"
              },
              "type": "OpenApiConnection",
              "inputs": {
                "host": {
                  "connectionName": "shared_sharepointonline_1",
                  "operationId": "GetItems",
                  "apiId": "/providers/Microsoft.PowerApps/apis/shared_sharepointonline"
                },
                "parameters": {
                  "dataset": "https://powerbiconsultingservices.sharepoint.com/sites/InvoiceProcessingDemoSite",
                  "table": "4b942c9a-2e45-417d-bc25-53c6ef426713",
                  "$filter": "Title eq '@{items('Apply_to_each')?['Invoice Number']}'"
                },
                "authentication": "@parameters('$authentication')"
              }
            },
            "Condition": {
              "actions": {
                "Create_item": {
                  "runAfter": {},
                  "metadata": {
                    "operationMetadataId": "5ca3e937-85c9-4959-b050-7771d350f4cb"
                  },
                  "type": "OpenApiConnection",
                  "inputs": {
                    "host": {
                      "connectionName": "shared_sharepointonline_1",
                      "operationId": "PostItem",
                      "apiId": "/providers/Microsoft.PowerApps/apis/shared_sharepointonline"
                    },
                    "parameters": {
                      "dataset": "https://powerbiconsultingservices.sharepoint.com/sites/InvoiceProcessingDemoSite",
                      "table": "4b942c9a-2e45-417d-bc25-53c6ef426713",
                      "item/Title": "@item()?['Invoice Number']",
                      "item/InvoiceNumber": "@item()?['Bill To']",
                      "item/DateReceived": "@formatDateTime(outputs('Compose_-_Get_Invoice_Received_Date'),'MM/dd/yyyy hh:mm:ssZ')",
                      "item/Date": "@items('Apply_to_each')?['Date']",
                      "item/DueDate": "@items('Apply_to_each')?['Due Date']",
                      "item/ContactEmailAddress": "@item()?['Contact Email Address']",
                      "item/ContactAddress": "@item()?['Contact Address']",
                      "item/BalanceDue": "@item()?['Balance Due']",
                      "item/TotalAmount": "@item()?['Total Amount']"
                    },
                    "authentication": "@parameters('$authentication')"
                  }
                },
                "Add_attachment": {
                  "runAfter": {
                    "Set_variable_-_Remove_root_path": [
                      "Succeeded"
                    ]
                  },
                  "metadata": {
                    "operationMetadataId": "d354a2dc-ae76-47c4-961c-98aadfd1ebc7"
                  },
                  "type": "OpenApiConnection",
                  "inputs": {
                    "host": {
                      "connectionName": "shared_sharepointonline_1",
                      "operationId": "CreateAttachment",
                      "apiId": "/providers/Microsoft.PowerApps/apis/shared_sharepointonline"
                    },
                    "parameters": {
                      "dataset": "https://powerbiconsultingservices.sharepoint.com/sites/InvoiceProcessingDemoSite",
                      "table": "4b942c9a-2e45-417d-bc25-53c6ef426713",
                      "itemId": "@outputs('Create_item')?['body/ID']",
                      "displayName": "@variables('FilePath')",
                      "body": "@body('Get_file_content_using_path')"
                    },
                    "authentication": "@parameters('$authentication')"
                  }
                },
                "Get_file_content_using_path": {
                  "runAfter": {
                    "Create_item": [
                      "Succeeded"
                    ]
                  },
                  "metadata": {
                    "operationMetadataId": "0f5a85c5-7d08-4424-8271-bc2da6a47217"
                  },
                  "type": "OpenApiConnection",
                  "inputs": {
                    "host": {
                      "connectionName": "shared_sharepointonline_1",
                      "operationId": "GetFileContentByPath",
                      "apiId": "/providers/Microsoft.PowerApps/apis/shared_sharepointonline"
                    },
                    "parameters": {
                      "dataset": "https://powerbiconsultingservices.sharepoint.com/sites/InvoiceProcessingDemoSite",
                      "path": "@items('Apply_to_each')?['Attachment']",
                      "inferContentType": true
                    },
                    "authentication": "@parameters('$authentication')"
                  }
                },
                "Set_variable_-_Remove_root_path": {
                  "runAfter": {
                    "Get_file_content_using_path": [
                      "Succeeded"
                    ]
                  },
                  "metadata": {
                    "operationMetadataId": "fc955af7-abe7-4e38-a1a6-6559330fc9f8"
                  },
                  "type": "SetVariable",
                  "inputs": {
                    "name": "FilePath",
                    "value": "@{replace(outputs('Compose_-_Get_Attachment_Path'),'/Shared Documents/Invoice Documents/','')}"
                  }
                }
              },
              "runAfter": {
                "Compose_-_Get_Attachment_Path": [
                  "Succeeded"
                ]
              },
              "expression": {
                "equals": [
                  "@length(outputs('Get_items')?['body/value'])",
                  0
                ]
              },
              "metadata": {
                "operationMetadataId": "b64b1627-44e8-4db8-941b-a97fb57165b2"
              },
              "type": "If"
            },
            "Compose_-_Get_Invoice_Received_Date": {
              "runAfter": {
                "Get_items": [
                  "Succeeded"
                ]
              },
              "metadata": {
                "operationMetadataId": "7418b705-68f9-4e31-b856-e835ee65de7a"
              },
              "type": "Compose",
              "inputs": "@items('Apply_to_each')?['Invoice Received Date']"
            },
            "Compose_-_Get_Attachment_Path": {
              "runAfter": {
                "Compose_-_Get_Invoice_Received_Date": [
                  "Succeeded"
                ]
              },
              "metadata": {
                "operationMetadataId": "c86d3179-2a37-463d-8410-d471d51da473"
              },
              "type": "Compose",
              "inputs": "@items('Apply_to_each')?['Attachment']"
            }
          },
          "runAfter": {
            "Initialize_variable_-_FilePath": [
              "Succeeded"
            ]
          },
          "metadata": {
            "operationMetadataId": "3695725d-748b-492c-bd38-8a71399782f5"
          },
          "type": "Foreach"
        },
        "Compose": {
          "runAfter": {
            "Apply_to_each": [
              "Succeeded",
              "Skipped"
            ]
          },
          "metadata": {
            "operationMetadataId": "032e2e45-d081-491a-8ea3-4b7d8db29186"
          },
          "type": "Compose",
          "inputs": "@outputs('List_rows_present_in_a_table')?['body/value']"
        },
        "Initialize_variable_-_FilePath": {
          "runAfter": {
            "List_rows_present_in_a_table": [
              "Succeeded"
            ]
          },
          "metadata": {
            "operationMetadataId": "37149342-bf7f-463f-bce0-907a7ea0f850"
          },
          "type": "InitializeVariable",
          "inputs": {
            "variables": [
              {
                "name": "FilePath",
                "type": "string"
              }
            ]
          }
        }
      }
    },
    "templateName": ""
  },
  "schemaVersion": "1.0.0.0"
}